{"cameraMode":{"drawMode":0,"name":"Shaded","section":"Shading Mode"},"sceneLighting":true,"audioPlay":false,"sceneViewState":{"showFog":true,"showMaterialUpdate":true,"showSkybox":false,"showFlares":true,"showImageEffects":true,"showParticleSystems":true},"in2DMode":false,"pivot":{"x":11.622421264648438,"y":-8.337246894836426,"z":-5.049312591552734},"rotation":{"x":-0.3959861993789673,"y":-0.5787718892097473,"z":0.38173091411590578,"w":-0.6022831201553345},"size":40.81637191772461,"orthographic":false}