{"cameraMode":{"drawMode":0,"name":"Shaded","section":"Shading Mode"},"sceneLighting":true,"audioPlay":false,"sceneViewState":{"showFog":true,"showMaterialUpdate":true,"showSkybox":true,"showFlares":true,"showImageEffects":true,"showParticleSystems":true},"in2DMode":false,"pivot":{"x":-0.6533167362213135,"y":10.834918022155762,"z":0.3004849851131439},"rotation":{"x":0.49580880999565127,"y":0.5011034607887268,"z":-0.5038022994995117,"w":0.4997195601463318},"size":21.389286041259767,"orthographic":false}